Species,Scenario,TimePeriod,MeanDens,Area,Population.FMA,PercentChange,DifferenceWithRestoration,,,
BTNW,Al-Pac BAU,0,0.03885,6563755,255001.8818,NA,NA,,,
BTNW,Al-Pac BAU,10,0.050975,6563755,334587.4111,NA,NA,,,
BTNW,Al-Pac BAU,20,0.0551,6563755,361662.9005,NA,NA,,,
BTNW,Al-Pac BAU,30,0.06865,6563755,450601.7808,NA,NA,,,
BTNW,Al-Pac BAU,40,0.07715,6563755,506393.6983,NA,NA,,,
BTNW,Al-Pac BAU,50,0.085375,6563755,560380.5831,119.7554698,NA,,,
BTNW,Al-Pac BAU with seismic reclamation,0,0.03885,6563755,255001.8818,NA,NA,,,
BTNW,Al-Pac BAU with seismic reclamation,10,0.045475,6563755,298486.7586,NA,NA,,,
BTNW,Al-Pac BAU with seismic reclamation,20,0.05535,6563755,363303.8393,NA,NA,,,
BTNW,Al-Pac BAU with seismic reclamation,30,0.07045,6563755,462416.5398,NA,NA,,,
BTNW,Al-Pac BAU with seismic reclamation,40,0.0807,6563755,529695.0285,NA,NA,,,
BTNW,Al-Pac BAU with seismic reclamation,50,0.08785,6563755,576625.8768,126.1261261,16245.29362,,,
BTNW,Increased Fire,0,0.03885,6563755,255001.8818,NA,NA,,,
BTNW,Increased Fire,10,0.04335,6563755,284538.7793,NA,NA,,,
BTNW,Increased Fire,20,0.0497,6563755,326218.6235,NA,NA,,,
BTNW,Increased Fire,30,0.060175,6563755,394973.9571,NA,NA,,,
BTNW,Increased Fire,40,0.0675,6563755,443053.4625,NA,NA,,,
BTNW,Increased Fire,50,0.07205,6563755,472918.5478,85.45688546,NA,,,
BTNW,No Energy,0,0.03885,6563755,255001.8818,NA,NA,,,
BTNW,No Energy,10,0.04765,6563755,312762.9258,NA,NA,,,
BTNW,No Energy,20,0.0599,6563755,393168.9245,NA,NA,,,
BTNW,No Energy,30,0.077575,6563755,509183.2941,NA,NA,,,
BTNW,No Energy,40,0.0883,6563755,579579.5665,NA,NA,,,
BTNW,No Energy,50,0.098475,6563755,646365.7736,153.4749035,NA,,,
BTNW,No Fire,0,0.03785,6563755,248438.1268,NA,NA,,,
BTNW,No Fire,10,0.047975,6563755,314896.1461,NA,NA,,,
BTNW,No Fire,20,0.0604,6563755,396450.802,NA,NA,,,
BTNW,No Fire,30,0.078775,6563755,517059.8001,NA,NA,,,
BTNW,No Fire,40,0.0905,6563755,594019.8275,NA,NA,,,
BTNW,No Fire,50,0.100725,6563755,661134.2224,166.1162483,NA,,,
PAWA,Al-Pac BAU,0,0.153675,6563755,1008685.05,NA,NA,,,
PAWA,Al-Pac BAU,10,0.149875,6563755,983742.7806,NA,NA,,,
PAWA,Al-Pac BAU,20,0.140325,6563755,921058.9204,NA,NA,,,
PAWA,Al-Pac BAU,30,0.1336,6563755,876917.668,NA,NA,,,
PAWA,Al-Pac BAU,40,0.127425,6563755,836386.4809,NA,NA,,,
PAWA,Al-Pac BAU,50,0.1238,6563755,812592.869,-19.44037742,NA,,,
PAWA,Al-Pac BAU with seismic reclamation,0,0.153675,6563755,1008685.05,NA,NA,,,
PAWA,Al-Pac BAU with seismic reclamation,10,0.148825,6563755,976850.8379,NA,NA,,,
PAWA,Al-Pac BAU with seismic reclamation,20,0.141425,6563755,928279.0509,NA,NA,,,
PAWA,Al-Pac BAU with seismic reclamation,30,0.13705,6563755,899562.6228,NA,NA,,,
PAWA,Al-Pac BAU with seismic reclamation,40,0.1307,6563755,857882.7785,NA,NA,,,
PAWA,Al-Pac BAU with seismic reclamation,50,0.124825,6563755,819320.7179,-18.77338539,6727.848875,,,
PAWA,Increased Fire,0,0.160425,6563755,1052990.396,NA,NA,,,
PAWA,Increased Fire,10,0.155075,6563755,1017874.307,NA,NA,,,
PAWA,Increased Fire,20,0.151925,6563755,997198.4784,NA,NA,,,
PAWA,Increased Fire,30,0.15195,6563755,997362.5723,NA,NA,,,
PAWA,Increased Fire,40,0.15245,6563755,1000644.45,NA,NA,,,
PAWA,Increased Fire,50,0.151775,6563755,996213.9151,-5.391927692,NA,,,
PAWA,No Energy,0,0.160425,6563755,1052990.396,NA,NA,,,
PAWA,No Energy,10,0.150875,6563755,990306.5356,NA,NA,,,
PAWA,No Energy,20,0.1436,6563755,942555.218,NA,NA,,,
PAWA,No Energy,30,0.1381,6563755,906454.5655,NA,NA,,,
PAWA,No Energy,40,0.133575,6563755,876753.5741,NA,NA,,,
PAWA,No Energy,50,0.12965,6563755,850990.8358,-19.18341904,NA,,,
PAWA,No Fire,0,0.153675,6563755,1008685.05,NA,NA,,,
PAWA,No Fire,10,0.1444,6563755,947806.222,NA,NA,,,
PAWA,No Fire,20,0.129325,6563755,848857.6154,NA,NA,,,
PAWA,No Fire,30,0.116275,6563755,763200.6126,NA,NA,,,
PAWA,No Fire,40,0.1041,6563755,683286.8955,NA,NA,,,
PAWA,No Fire,50,0.095125,6563755,624377.1944,-38.09988612,NA,,,
OSFL,Al-Pac BAU,0,0.0081,6563755,53166.4155,NA,NA,,,
OSFL,Al-Pac BAU,10,0.008175,6563755,53658.69713,NA,NA,,,
OSFL,Al-Pac BAU,20,0.00825,6563755,54150.97875,NA,NA,,,
OSFL,Al-Pac BAU,30,0.00835,6563755,54807.35425,NA,NA,,,
OSFL,Al-Pac BAU,40,0.008425,6563755,55299.63588,NA,NA,,,
OSFL,Al-Pac BAU,50,0.008625,6563755,56612.38688,6.481481481,NA,,,
OSFL,Al-Pac BAU with seismic reclamation,0,0.0081,6563755,53166.4155,NA,NA,,,
OSFL,Al-Pac BAU with seismic reclamation,10,0.008125,6563755,53330.50938,NA,NA,,,
OSFL,Al-Pac BAU with seismic reclamation,20,0.0082,6563755,53822.791,NA,NA,,,
OSFL,Al-Pac BAU with seismic reclamation,30,0.008325,6563755,54643.26038,NA,NA,,,
OSFL,Al-Pac BAU with seismic reclamation,40,0.0084,6563755,55135.542,NA,NA,,,
OSFL,Al-Pac BAU with seismic reclamation,50,0.008675,6563755,56940.57463,7.098765432,328.18775,,,
OSFL,Increased Fire,0,0.0081,6563755,53166.4155,NA,NA,,,
OSFL,Increased Fire,10,0.0082,6563755,53822.791,NA,NA,,,
OSFL,Increased Fire,20,0.00825,6563755,54150.97875,NA,NA,,,
OSFL,Increased Fire,30,0.0083,6563755,54479.1665,NA,NA,,,
OSFL,Increased Fire,40,0.008375,6563755,54971.44813,NA,NA,,,
OSFL,Increased Fire,50,0.008525,6563755,55956.01138,5.24691358,NA,,,
OSFL,No Energy,0,0.0081,6563755,53166.4155,NA,NA,,,
OSFL,No Energy,10,0.008275,6563755,54315.07263,NA,NA,,,
OSFL,No Energy,20,0.00845,6563755,55463.72975,NA,NA,,,
OSFL,No Energy,30,0.008675,6563755,56940.57463,NA,NA,,,
OSFL,No Energy,40,0.00885,6563755,58089.23175,NA,NA,,,
OSFL,No Energy,50,0.00915,6563755,60058.35825,12.96296296,NA,,,
OSFL,No Fire,0,0.0081,6563755,53166.4155,NA,NA,,,
OSFL,No Fire,10,0.008175,6563755,53658.69713,NA,NA,,,
OSFL,No Fire,20,0.00825,6563755,54150.97875,NA,NA,,,
OSFL,No Fire,30,0.0084,6563755,55135.542,NA,NA,,,
OSFL,No Fire,40,0.008525,6563755,55956.01138,NA,NA,,,
OSFL,No Fire,50,0.0088,6563755,57761.044,8.641975309,NA,,,
CAWA,Al-Pac BAU,0,0.00165,6563755,10830.19575,NA,NA,,,
CAWA,Al-Pac BAU,10,0.001825,6563755,11978.85288,NA,NA,,,
CAWA,Al-Pac BAU,20,0.00195,6563755,12799.32225,NA,NA,,,
CAWA,Al-Pac BAU,30,0.002075,6563755,13619.79163,NA,NA,,,
CAWA,Al-Pac BAU,40,0.0022,6563755,14440.261,NA,NA,,,
CAWA,Al-Pac BAU,50,0.00235,6563755,15424.82425,42.42424242,NA,,,
CAWA,Al-Pac BAU with seismic reclamation,0,0.00165,6563755,10830.19575,NA,NA,,,
CAWA,Al-Pac BAU with seismic reclamation,10,0.001825,6563755,11978.85288,NA,NA,,,
CAWA,Al-Pac BAU with seismic reclamation,20,0.00215,6563755,14112.07325,NA,NA,,,
CAWA,Al-Pac BAU with seismic reclamation,30,0.0022125,6563755,14522.30794,NA,NA,,,
CAWA,Al-Pac BAU with seismic reclamation,40,0.002275,6563755,14932.54263,NA,NA,,,
CAWA,Al-Pac BAU with seismic reclamation,50,0.002475,6563755,16245.29363,50,820.469375,,,
CAWA,Increased Fire,0,0.00165,6563755,10830.19575,NA,NA,,,
CAWA,Increased Fire,10,0.001725,6563755,11322.47738,NA,NA,,,
CAWA,Increased Fire,20,0.001775,6563755,11650.66513,NA,NA,,,
CAWA,Increased Fire,30,0.00175,6563755,11486.57125,NA,NA,,,
CAWA,Increased Fire,40,0.0018,6563755,11814.759,NA,NA,,,
CAWA,Increased Fire,50,0.001875,6563755,12307.04063,13.63636364,NA,,,
CAWA,No Energy,0,0.00165,6563755,10830.19575,NA,NA,,,
CAWA,No Energy,10,0.001875,6563755,12307.04063,NA,NA,,,
CAWA,No Energy,20,0.0021,6563755,13783.8855,NA,NA,,,
CAWA,No Energy,30,0.00235,6563755,15424.82425,NA,NA,,,
CAWA,No Energy,40,0.002625,6563755,17229.85688,NA,NA,,,
CAWA,No Energy,50,0.002925,6563755,19198.98338,77.27272727,NA,,,
CAWA,No Fire,0,0.00165,6563755,10830.19575,NA,NA,,,
CAWA,No Fire,10,0.00195,6563755,12799.32225,NA,NA,,,
CAWA,No Fire,20,0.002225,6563755,14604.35488,NA,NA,,,
CAWA,No Fire,30,0.00255,6563755,16737.57525,NA,NA,,,
CAWA,No Fire,40,0.002925,6563755,19198.98338,NA,NA,,,
CAWA,No Fire,50,0.00335,6563755,21988.57925,103.030303,NA,,,
BRCR,Al-Pac BAU,0,0.24785,6563755,1626826.677,NA,NA,,,
BRCR,Al-Pac BAU,10,0.26595,6563755,1745630.642,NA,NA,,,
BRCR,Al-Pac BAU,20,0.2778,6563755,1823411.139,NA,NA,,,
BRCR,Al-Pac BAU,30,0.2816,6563755,1848353.408,NA,NA,,,
BRCR,Al-Pac BAU,40,0.279775,6563755,1836374.555,NA,NA,,,
BRCR,Al-Pac BAU,50,0.27,6563755,1772213.85,8.93685697,NA,,,
BRCR,Al-Pac BAU with seismic reclamation,0,0.24785,6563755,1626826.677,NA,NA,,,
BRCR,Al-Pac BAU with seismic reclamation,10,0.268725,6563755,1763845.062,NA,NA,,,
BRCR,Al-Pac BAU with seismic reclamation,20,0.281225,6563755,1845892,NA,NA,,,
BRCR,Al-Pac BAU with seismic reclamation,30,0.2848,6563755,1869357.424,NA,NA,,,
BRCR,Al-Pac BAU with seismic reclamation,40,0.283575,6563755,1861316.824,NA,NA,,,
BRCR,Al-Pac BAU with seismic reclamation,50,0.282425,6563755,1853768.506,13.94996974,81554.65587,,,
BRCR,Increased Fire,0,0.24785,6563755,1626826.677,NA,NA,,,
BRCR,Increased Fire,10,0.25065,6563755,1645205.191,NA,NA,,,
BRCR,Increased Fire,20,0.252925,6563755,1660137.733,NA,NA,,,
BRCR,Increased Fire,30,0.244925,6563755,1607627.693,NA,NA,,,
BRCR,Increased Fire,40,0.2347,6563755,1540513.299,NA,NA,,,
BRCR,Increased Fire,50,0.222375,6563755,1459615.018,-10.27839419,NA,,,
BRCR,No Energy,0,0.24785,6563755,1626826.677,NA,NA,,,
BRCR,No Energy,10,0.2693,6563755,1767619.222,NA,NA,,,
BRCR,No Energy,20,0.286525,6563755,1880679.901,NA,NA,,,
BRCR,No Energy,30,0.296075,6563755,1943363.762,NA,NA,,,
BRCR,No Energy,40,0.2959,6563755,1942215.105,NA,NA,,,
BRCR,No Energy,50,0.29225,6563755,1918257.399,17.91406092,NA,,,
BRCR,No Fire,0,0.24785,6563755,1626826.677,NA,NA,,,
BRCR,No Fire,10,0.281925,6563755,1850486.628,NA,NA,,,
BRCR,No Fire,20,0.309775,6563755,2033287.205,NA,NA,,,
BRCR,No Fire,30,0.328,6563755,2152911.64,NA,NA,,,
BRCR,No Fire,40,0.3362,6563755,2206734.431,NA,NA,,,
BRCR,No Fire,50,0.334275,6563755,2194099.203,34.86988098,NA,,,
BBWA,Al-Pac BAU,0,2.046525,6563755,13432888.7,NA,NA,,,
BBWA,Al-Pac BAU,10,2.0393,6563755,13385465.57,NA,NA,,,
BBWA,Al-Pac BAU,20,1.9811,6563755,13003455.03,NA,NA,,,
BBWA,Al-Pac BAU,30,1.91575,6563755,12574513.64,NA,NA,,,
BBWA,Al-Pac BAU,40,1.8556,6563755,12179703.78,NA,NA,,,
BBWA,Al-Pac BAU,50,1.781825,6563755,11695462.75,-12.93412003,NA,,,
BBWA,Al-Pac BAU with seismic reclamation,0,2.046525,6563755,13432888.7,NA,NA,,,
BBWA,Al-Pac BAU with seismic reclamation,10,2.04635,6563755,13431740.04,NA,NA,,,
BBWA,Al-Pac BAU with seismic reclamation,20,1.994025,6563755,13088291.56,NA,NA,,,
BBWA,Al-Pac BAU with seismic reclamation,30,1.945675,6563755,12770934.01,NA,NA,,,
BBWA,Al-Pac BAU with seismic reclamation,40,1.86925,6563755,12269299.03,NA,NA,,,
BBWA,Al-Pac BAU with seismic reclamation,50,1.791925,6563755,11761756.68,-12.44060053,66293.9255,,,
BBWA,Increased Fire,0,2.046525,6563755,13432888.7,NA,NA,,,
BBWA,Increased Fire,10,1.934325,6563755,12696435.39,NA,NA,,,
BBWA,Increased Fire,20,1.81815,6563755,11933891.15,NA,NA,,,
BBWA,Increased Fire,30,1.6766,6563755,11004791.63,NA,NA,,,
BBWA,Increased Fire,40,1.591975,6563755,10449333.87,NA,NA,,,
BBWA,Increased Fire,50,1.51585,6563755,9949668.017,-25.93054079,NA,,,
BBWA,No Energy,0,2.046525,6563755,13432888.7,NA,NA,,,
BBWA,No Energy,10,2.06445,6563755,13550544.01,NA,NA,,,
BBWA,No Energy,20,2.018225,6563755,13247134.43,NA,NA,,,
BBWA,No Energy,30,1.9952,6563755,13096003.98,NA,NA,,,
BBWA,No Energy,40,1.953775,6563755,12824100.43,NA,NA,,,
BBWA,No Energy,50,1.896025,6563755,12445043.57,-7.353929221,NA,,,
BBWA,No Fire,0,2.046525,6563755,13432888.7,NA,NA,,,
BBWA,No Fire,10,2.1358,6563755,14018867.93,NA,NA,,,
BBWA,No Fire,20,2.173925,6563755,14269111.09,NA,NA,,,
BBWA,No Fire,30,2.171875,6563755,14255655.39,NA,NA,,,
BBWA,No Fire,40,2.132525,6563755,13997371.63,NA,NA,,,
BBWA,No Fire,50,2.06425,6563755,13549231.26,0.866102295,NA,,,
CMWA,Al-Pac BAU,0,0.2186,6563755,1434836.843,NA,NA,,,
CMWA,Al-Pac BAU,10,0.242,6563755,1588428.71,NA,NA,,,
CMWA,Al-Pac BAU,20,0.2658,6563755,1744646.079,NA,NA,,,
CMWA,Al-Pac BAU,30,0.2944,6563755,1932369.472,NA,NA,,,
CMWA,Al-Pac BAU,40,0.328,6563755,2152911.64,NA,NA,,,
CMWA,Al-Pac BAU,50,0.3674,6563755,2411523.587,68.06953339,NA,,,
CMWA,Al-Pac BAU with seismic reclamation,0,0.2186,6563755,1434836.843,NA,NA,,,
CMWA,Al-Pac BAU with seismic reclamation,10,0.2391,6563755,1569393.821,NA,NA,,,
CMWA,Al-Pac BAU with seismic reclamation,20,0.2626,6563755,1723642.063,NA,NA,,,
CMWA,Al-Pac BAU with seismic reclamation,30,0.2919,6563755,1915960.085,NA,NA,,,
CMWA,Al-Pac BAU with seismic reclamation,40,0.3236,6563755,2124031.118,NA,NA,,,
CMWA,Al-Pac BAU with seismic reclamation,50,0.3666,6563755,2406272.583,67.70356816,-5251.004,,,
CMWA,Increased Fire,0,0.2186,6563755,1434836.843,NA,NA,,,
CMWA,Increased Fire,10,0.2327,6563755,1527385.789,NA,NA,,,
CMWA,Increased Fire,20,0.2487,6563755,1632405.869,NA,NA,,,
CMWA,Increased Fire,30,0.263,6563755,1726267.565,NA,NA,,,
CMWA,Increased Fire,40,0.2867,6563755,1881828.559,NA,NA,,,
CMWA,Increased Fire,50,0.3148,6563755,2066270.074,44.0073193,NA,,,
CMWA,No Energy,0,0.2186,6563755,1434836.843,NA,NA,,,
CMWA,No Energy,10,0.245,6563755,1608119.975,NA,NA,,,
CMWA,No Energy,20,0.2743,6563755,1800437.997,NA,NA,,,
CMWA,No Energy,30,0.3094,6563755,2030825.797,NA,NA,,,
CMWA,No Energy,40,0.3473,6563755,2279592.112,NA,NA,,,
CMWA,No Energy,50,0.391,6563755,2566428.205,78.86550778,NA,,,
CMWA,No Fire,0,0.2186,6563755,1434836.843,NA,NA,,,
CMWA,No Fire,10,0.2492,6563755,1635687.746,NA,NA,,,
CMWA,No Fire,20,0.2846,6563755,1868044.673,NA,NA,,,
CMWA,No Fire,30,0.3252,6563755,2134533.126,NA,NA,,,
CMWA,No Fire,40,0.3725,6563755,2444998.738,NA,NA,,,
CMWA,No Fire,50,0.4269,6563755,2802067.01,95.28819762,NA,,,
EVGR,Al-Pac BAU,0,0.0031,6563755,20347.6405,NA,NA,,,
EVGR,Al-Pac BAU,10,0.0032,6563755,21004.016,NA,NA,,,
EVGR,Al-Pac BAU,20,0.0032,6563755,21004.016,NA,NA,,,
EVGR,Al-Pac BAU,30,0.0033,6563755,21660.3915,NA,NA,,,
EVGR,Al-Pac BAU,40,0.0033,6563755,21660.3915,NA,NA,,,
EVGR,Al-Pac BAU,50,0.0032,6563755,21004.016,3.225806452,NA,,,
EVGR,Al-Pac BAU with seismic reclamation,0,0.0031,6563755,20347.6405,NA,NA,,,
EVGR,Al-Pac BAU with seismic reclamation,10,0.0032,6563755,21004.016,NA,NA,,,
EVGR,Al-Pac BAU with seismic reclamation,20,0.0032,6563755,21004.016,NA,NA,,,
EVGR,Al-Pac BAU with seismic reclamation,30,0.0033,6563755,21660.3915,NA,NA,,,
EVGR,Al-Pac BAU with seismic reclamation,40,0.0033,6563755,21660.3915,NA,NA,,,
EVGR,Al-Pac BAU with seismic reclamation,50,0.0033,6563755,21660.3915,6.451612903,656.3755,,,
EVGR,Increased Fire,0,0.0031,6563755,20347.6405,NA,NA,,,
EVGR,Increased Fire,10,0.0031,6563755,20347.6405,NA,NA,,,
EVGR,Increased Fire,20,0.0031,6563755,20347.6405,NA,NA,,,
EVGR,Increased Fire,30,0.0031,6563755,20347.6405,NA,NA,,,
EVGR,Increased Fire,40,0.0031,6563755,20347.6405,NA,NA,,,
EVGR,Increased Fire,50,0.003,6563755,19691.265,-3.225806452,NA,,,
EVGR,No Energy,0,0.0031,6563755,20347.6405,NA,NA,,,
EVGR,No Energy,10,0.0032,6563755,21004.016,NA,NA,,,
EVGR,No Energy,20,0.0033,6563755,21660.3915,NA,NA,,,
EVGR,No Energy,30,0.0034,6563755,22316.767,NA,NA,,,
EVGR,No Energy,40,0.0034,6563755,22316.767,NA,NA,,,
EVGR,No Energy,50,0.0035,6563755,22973.1425,12.90322581,NA,,,
EVGR,No Fire,0,0.0031,6563755,20347.6405,NA,NA,,,
EVGR,No Fire,10,0.0033,6563755,21660.3915,NA,NA,,,
EVGR,No Fire,20,0.0034,6563755,22316.767,NA,NA,,,
EVGR,No Fire,30,0.0035,6563755,22973.1425,NA,NA,,,
EVGR,No Fire,40,0.0035,6563755,22973.1425,NA,NA,,,
EVGR,No Fire,50,0.0036,6563755,23629.518,16.12903226,NA,,,
PIWO,Al-Pac BAU,0,0.0098,6563755,64324.799,NA,NA,,,
PIWO,Al-Pac BAU,10,0.01,6563755,65637.55,NA,NA,,,
PIWO,Al-Pac BAU,20,0.0103,6563755,67606.6765,NA,NA,,,
PIWO,Al-Pac BAU,30,0.0105,6563755,68919.4275,NA,NA,,,
PIWO,Al-Pac BAU,40,0.0107,6563755,70232.1785,NA,NA,,,
PIWO,Al-Pac BAU,50,0.0109,6563755,71544.9295,11.2244898,NA,,,
PIWO,Al-Pac BAU with seismic reclamation,0,0.0098,6563755,64324.799,NA,NA,,,
PIWO,Al-Pac BAU with seismic reclamation,10,0.0101,6563755,66293.9255,NA,NA,,,
PIWO,Al-Pac BAU with seismic reclamation,20,0.0103,6563755,67606.6765,NA,NA,,,
PIWO,Al-Pac BAU with seismic reclamation,30,0.0105,6563755,68919.4275,NA,NA,,,
PIWO,Al-Pac BAU with seismic reclamation,40,0.0107,6563755,70232.1785,NA,NA,,,
PIWO,Al-Pac BAU with seismic reclamation,50,0.0111,6563755,72857.6805,13.26530612,1312.751,,,
PIWO,Increased Fire,0,0.0098,6563755,64324.799,NA,NA,,,
PIWO,Increased Fire,10,0.0097,6563755,63668.4235,NA,NA,,,
PIWO,Increased Fire,20,0.0098,6563755,64324.799,NA,NA,,,
PIWO,Increased Fire,30,0.0098,6563755,64324.799,NA,NA,,,
PIWO,Increased Fire,40,0.0099,6563755,64981.1745,NA,NA,,,
PIWO,Increased Fire,50,0.0101,6563755,66293.9255,3.06122449,NA,,,
PIWO,No Energy,0,0.0098,6563755,64324.799,NA,NA,,,
PIWO,No Energy,10,0.0101,6563755,66293.9255,NA,NA,,,
PIWO,No Energy,20,0.0103,6563755,67606.6765,NA,NA,,,
PIWO,No Energy,30,0.0106,6563755,69575.803,NA,NA,,,
PIWO,No Energy,40,0.0107,6563755,70232.1785,NA,NA,,,
PIWO,No Energy,50,0.0111,6563755,72857.6805,13.26530612,NA,,,
PIWO,No Fire,0,0.0098,6563755,64324.799,NA,NA,,,
PIWO,No Fire,10,0.0104,6563755,68263.052,NA,NA,,,
PIWO,No Fire,20,0.0109,6563755,71544.9295,NA,NA,,,
PIWO,No Fire,30,0.0114,6563755,74826.807,NA,NA,,,
PIWO,No Fire,40,0.0119,6563755,78108.6845,NA,NA,,,
PIWO,No Fire,50,0.0124,6563755,81390.562,26.53061224,NA,,,
YBSA,Al-Pac BAU,0,0.0323,6563755,212009.2865,NA,NA,,,
YBSA,Al-Pac BAU,10,0.0329,6563755,215947.5395,NA,NA,,,
YBSA,Al-Pac BAU,20,0.0331,6563755,217260.2905,NA,NA,,,
YBSA,Al-Pac BAU,30,0.0334,6563755,219229.417,NA,NA,,,
YBSA,Al-Pac BAU,40,0.0338,6563755,221854.919,NA,NA,,,
YBSA,Al-Pac BAU,50,0.034,6563755,223167.67,5.263157895,NA,,,
YBSA,Al-Pac BAU with seismic reclamation,0,0.0323,6563755,212009.2865,NA,NA,,,
YBSA,Al-Pac BAU with seismic reclamation,10,0.0329,6563755,215947.5395,NA,NA,,,
YBSA,Al-Pac BAU with seismic reclamation,20,0.0333,6563755,218573.0415,NA,NA,,,
YBSA,Al-Pac BAU with seismic reclamation,30,0.0336,6563755,220542.168,NA,NA,,,
YBSA,Al-Pac BAU with seismic reclamation,40,0.034,6563755,223167.67,NA,NA,,,
YBSA,Al-Pac BAU with seismic reclamation,50,0.0345,6563755,226449.5475,6.811145511,3281.8775,,,
YBSA,Increased Fire,0,0.0323,6563755,212009.2865,NA,NA,,,
YBSA,Increased Fire,10,0.0323,6563755,212009.2865,NA,NA,,,
YBSA,Increased Fire,20,0.0324,6563755,212665.662,NA,NA,,,
YBSA,Increased Fire,30,0.0322,6563755,211352.911,NA,NA,,,
YBSA,Increased Fire,40,0.0323,6563755,212009.2865,NA,NA,,,
YBSA,Increased Fire,50,0.0326,6563755,213978.413,0.92879257,NA,,,
YBSA,No Energy,0,0.0323,6563755,212009.2865,NA,NA,,,
YBSA,No Energy,10,0.033,6563755,216603.915,NA,NA,,,
YBSA,No Energy,20,0.0338,6563755,221854.919,NA,NA,,,
YBSA,No Energy,30,0.0346,6563755,227105.923,NA,NA,,,
YBSA,No Energy,40,0.0353,6563755,231700.5515,NA,NA,,,
YBSA,No Energy,50,0.0362,6563755,237607.931,12.07430341,NA,,,
YBSA,No Fire,0,0.0323,6563755,212009.2865,NA,NA,,,
YBSA,No Fire,10,0.0335,6563755,219885.7925,NA,NA,,,
YBSA,No Fire,20,0.0346,6563755,227105.923,NA,NA,,,
YBSA,No Fire,30,0.0358,6563755,234982.429,NA,NA,,,
YBSA,No Fire,40,0.037,6563755,242858.935,NA,NA,,,
YBSA,No Fire,50,0.0383,6563755,251391.8165,18.57585139,NA,,,
BBWO,Al-Pac BAU,0,0.0228,6563755,149653.614,NA,NA,,,
BBWO,Al-Pac BAU,10,0.0212,6563755,139151.606,NA,NA,,,
BBWO,Al-Pac BAU,20,0.0246,6563755,161468.373,NA,NA,,,
BBWO,Al-Pac BAU,30,0.0273,6563755,179190.5115,NA,NA,,,
BBWO,Al-Pac BAU,40,0.0298,6563755,195599.899,NA,NA,,,
BBWO,Al-Pac BAU,50,0.0324,6563755,212665.662,42.10526316,NA,,,
BBWO,Al-Pac BAU with seismic reclamation,0,0.0228,6563755,149653.614,NA,NA,,,
BBWO,Al-Pac BAU with seismic reclamation,10,0.0219,6563755,143746.2345,NA,NA,,,
BBWO,Al-Pac BAU with seismic reclamation,20,0.0244,6563755,160155.622,NA,NA,,,
BBWO,Al-Pac BAU with seismic reclamation,30,0.027,6563755,177221.385,NA,NA,,,
BBWO,Al-Pac BAU with seismic reclamation,40,0.0293,6563755,192318.0215,NA,NA,,,
BBWO,Al-Pac BAU with seismic reclamation,50,0.0314,6563755,206101.907,37.71929825,-6563.755,,,
BBWO,Increased Fire,0,0.0228,6563755,149653.614,NA,NA,,,
BBWO,Increased Fire,10,0.0243,6563755,159499.2465,NA,NA,,,
BBWO,Increased Fire,20,0.0281,6563755,184441.5155,NA,NA,,,
BBWO,Increased Fire,30,0.0316,6563755,207414.658,NA,NA,,,
BBWO,Increased Fire,40,0.0346,6563755,227105.923,NA,NA,,,
BBWO,Increased Fire,50,0.0374,6563755,245484.437,64.03508772,NA,,,
BBWO,No Energy,0,0.0228,6563755,149653.614,NA,NA,,,
BBWO,No Energy,10,0.0203,6563755,133244.2265,NA,NA,,,
BBWO,No Energy,20,0.0212,6563755,139151.606,NA,NA,,,
BBWO,No Energy,30,0.022,6563755,144402.61,NA,NA,,,
BBWO,No Energy,40,0.0228,6563755,149653.614,NA,NA,,,
BBWO,No Energy,50,0.0237,6563755,155560.9935,3.947368421,NA,,,
BBWO,No Fire,0,0.0228,6563755,149653.614,NA,NA,,,
BBWO,No Fire,10,0.0202,6563755,132587.851,NA,NA,,,
BBWO,No Fire,20,0.022,6563755,144402.61,NA,NA,,,
BBWO,No Fire,30,0.0242,6563755,158842.871,NA,NA,,,
BBWO,No Fire,40,0.0268,6563755,175908.634,NA,NA,,,
BBWO,No Fire,50,0.0296,6563755,194287.148,29.8245614,NA,,,
ATTW,Al-Pac BAU,0,0.0108,6563755,70888.554,NA,NA,,,
ATTW,Al-Pac BAU,10,0.0126,6563755,82703.313,NA,NA,,,
ATTW,Al-Pac BAU,20,0.0148,6563755,97143.574,NA,NA,,,
ATTW,Al-Pac BAU,30,0.0175,6563755,114865.7125,NA,NA,,,
ATTW,Al-Pac BAU,40,0.0206,6563755,135213.353,NA,NA,,,
ATTW,Al-Pac BAU,50,0.0244,6563755,160155.622,125.9259259,NA,,,
ATTW,Al-Pac BAU with seismic reclamation,0,0.0108,6563755,70888.554,NA,NA,,,
ATTW,Al-Pac BAU with seismic reclamation,10,0.0127,6563755,83359.6885,NA,NA,,,
ATTW,Al-Pac BAU with seismic reclamation,20,0.0147,6563755,96487.1985,NA,NA,,,
ATTW,Al-Pac BAU with seismic reclamation,30,0.0171,6563755,112240.2105,NA,NA,,,
ATTW,Al-Pac BAU with seismic reclamation,40,0.0201,6563755,131931.4755,NA,NA,,,
ATTW,Al-Pac BAU with seismic reclamation,50,0.0243,6563755,159499.2465,125,-656.3755,,,
ATTW,Increased Fire,0,0.0108,6563755,70888.554,NA,NA,,,
ATTW,Increased Fire,10,0.0121,6563755,79421.4355,NA,NA,,,
ATTW,Increased Fire,20,0.0137,6563755,89923.4435,NA,NA,,,
ATTW,Increased Fire,30,0.0155,6563755,101738.2025,NA,NA,,,
ATTW,Increased Fire,40,0.0177,6563755,116178.4635,NA,NA,,,
ATTW,Increased Fire,50,0.0209,6563755,137182.4795,93.51851852,NA,,,
ATTW,No Energy,0,0.0108,6563755,70888.554,NA,NA,,,
ATTW,No Energy,10,0.0128,6563755,84016.064,NA,NA,,,
ATTW,No Energy,20,0.0151,6563755,99112.7005,NA,NA,,,
ATTW,No Energy,30,0.0178,6563755,116834.839,NA,NA,,,
ATTW,No Energy,40,0.0209,6563755,137182.4795,NA,NA,,,
ATTW,No Energy,50,0.025,6563755,164093.875,131.4814815,NA,,,
ATTW,No Fire,0,0.0108,6563755,70888.554,NA,NA,,,
ATTW,No Fire,10,0.0133,6563755,87297.9415,NA,NA,,,
ATTW,No Fire,20,0.0161,6563755,105676.4555,NA,NA,,,
ATTW,No Fire,30,0.0196,6563755,128649.598,NA,NA,,,
ATTW,No Fire,40,0.0237,6563755,155560.9935,NA,NA,,,
ATTW,No Fire,50,0.029,6563755,190348.895,168.5185185,NA,,,
NOFL,Al-Pac BAU,0,0.016,6563755,105020.08,NA,NA,,,
NOFL,Al-Pac BAU,10,0.0165,6563755,108301.9575,NA,NA,,,
NOFL,Al-Pac BAU,20,0.0168,6563755,110271.084,NA,NA,,,
NOFL,Al-Pac BAU,30,0.0174,6563755,114209.337,NA,NA,,,
NOFL,Al-Pac BAU,40,0.018,6563755,118147.59,NA,NA,,,
NOFL,Al-Pac BAU,50,0.019,6563755,124711.345,18.75,NA,,,
NOFL,Al-Pac BAU with seismic reclamation,0,0.016,6563755,105020.08,NA,NA,,,
NOFL,Al-Pac BAU with seismic reclamation,10,0.0163,6563755,106989.2065,NA,NA,,,
NOFL,Al-Pac BAU with seismic reclamation,20,0.0167,6563755,109614.7085,NA,NA,,,
NOFL,Al-Pac BAU with seismic reclamation,30,0.0172,6563755,112896.586,NA,NA,,,
NOFL,Al-Pac BAU with seismic reclamation,40,0.0179,6563755,117491.2145,NA,NA,,,
NOFL,Al-Pac BAU with seismic reclamation,50,0.0188,6563755,123398.594,17.5,-1312.751,,,
NOFL,Increased Fire,0,0.016,6563755,105020.08,NA,NA,,,
NOFL,Increased Fire,10,0.0169,6563755,110927.4595,NA,NA,,,
NOFL,Increased Fire,20,0.0175,6563755,114865.7125,NA,NA,,,
NOFL,Increased Fire,30,0.0182,6563755,119460.341,NA,NA,,,
NOFL,Increased Fire,40,0.0188,6563755,123398.594,NA,NA,,,
NOFL,Increased Fire,50,0.0195,6563755,127993.2225,21.875,NA,,,
NOFL,No Energy,0,0.016,6563755,105020.08,NA,NA,,,
NOFL,No Energy,10,0.0164,6563755,107645.582,NA,NA,,,
NOFL,No Energy,20,0.0169,6563755,110927.4595,NA,NA,,,
NOFL,No Energy,30,0.0176,6563755,115522.088,NA,NA,,,
NOFL,No Energy,40,0.0184,6563755,120773.092,NA,NA,,,
NOFL,No Energy,50,0.0195,6563755,127993.2225,21.875,NA,,,
NOFL,No Fire,0,0.016,6563755,105020.08,NA,NA,,,
NOFL,No Fire,10,0.0159,6563755,104363.7045,NA,NA,,,
NOFL,No Fire,20,0.016,6563755,105020.08,NA,NA,,,
NOFL,No Fire,30,0.0165,6563755,108301.9575,NA,NA,,,
NOFL,No Fire,40,0.0174,6563755,114209.337,NA,NA,,,
NOFL,No Fire,50,0.0187,6563755,122742.2185,16.875,NA,,,
OVEN,Al-Pac BAU,0,0.4056,6563755,2662259.028,NA,NA,,,
OVEN,Al-Pac BAU,10,0.3857,6563755,2531640.304,NA,NA,,,
OVEN,Al-Pac BAU,20,0.3661,6563755,2402990.706,NA,NA,,,
OVEN,Al-Pac BAU,30,0.3522,6563755,2311754.511,NA,NA,,,
OVEN,Al-Pac BAU,40,0.3414,6563755,2240865.957,NA,NA,,,
OVEN,Al-Pac BAU,50,0.3316,6563755,2176541.158,-18.24457594,NA,,,
OVEN,Al-Pac BAU with seismic reclamation,0,0.4056,6563755,2662259.028,NA,NA,,,
OVEN,Al-Pac BAU with seismic reclamation,10,0.386,6563755,2533609.43,NA,NA,,,
OVEN,Al-Pac BAU with seismic reclamation,20,0.3713,6563755,2437122.232,NA,NA,,,
OVEN,Al-Pac BAU with seismic reclamation,30,0.3573,6563755,2345229.662,NA,NA,,,
OVEN,Al-Pac BAU with seismic reclamation,40,0.3434,6563755,2253993.467,NA,NA,,,
OVEN,Al-Pac BAU with seismic reclamation,50,0.3269,6563755,2145691.51,-19.40335306,-30849.6485,,,
OVEN,Increased Fire,0,0.4056,6563755,2662259.028,NA,NA,,,
OVEN,Increased Fire,10,0.3769,6563755,2473879.26,NA,NA,,,
OVEN,Increased Fire,20,0.3614,6563755,2372141.057,NA,NA,,,
OVEN,Increased Fire,30,0.3531,6563755,2317661.891,NA,NA,,,
OVEN,Increased Fire,40,0.3513,6563755,2305847.132,NA,NA,,,
OVEN,Increased Fire,50,0.3456,6563755,2268433.728,-14.79289941,NA,,,
OVEN,No Energy,0,0.4056,6563755,2662259.028,NA,NA,,,
OVEN,No Energy,10,0.3891,6563755,2553957.071,NA,NA,,,
OVEN,No Energy,20,0.3719,6563755,2441060.485,NA,NA,,,
OVEN,No Energy,30,0.3592,6563755,2357700.796,NA,NA,,,
OVEN,No Energy,40,0.3479,6563755,2283530.365,NA,NA,,,
OVEN,No Energy,50,0.334,6563755,2192294.17,-17.65285996,NA,,,
OVEN,No Fire,0,0.4056,6563755,2662259.028,NA,NA,,,
OVEN,No Fire,10,0.3932,6563755,2580868.466,NA,NA,,,
OVEN,No Fire,20,0.3772,6563755,2475848.386,NA,NA,,,
OVEN,No Fire,30,0.3551,6563755,2330789.401,NA,NA,,,
OVEN,No Fire,40,0.3305,6563755,2169321.028,NA,NA,,,
OVEN,No Fire,50,0.3022,6563755,1983566.761,-25.49309665,NA,,,
BLPW,Al-Pac BAU,0,0.6781,6563755,4450882.266,NA,NA,,,
BLPW,Al-Pac BAU,10,0.6217,6563755,4080686.484,NA,NA,,,
BLPW,Al-Pac BAU,20,0.6041,6563755,3965164.396,NA,NA,,,
BLPW,Al-Pac BAU,30,0.5924,6563755,3888368.462,NA,NA,,,
BLPW,Al-Pac BAU,40,0.5984,6563755,3927750.992,NA,NA,,,
BLPW,Al-Pac BAU,50,0.6109,6563755,4009797.93,-9.910042767,NA,,,
BLPW,Al-Pac BAU with seismic reclamation,0,0.6781,6563755,4450882.266,NA,NA,,,
BLPW,Al-Pac BAU with seismic reclamation,10,0.6366,6563755,4178486.433,NA,NA,,,
BLPW,Al-Pac BAU with seismic reclamation,20,0.6177,6563755,4054431.464,NA,NA,,,
BLPW,Al-Pac BAU with seismic reclamation,30,0.6116,6563755,4014392.558,NA,NA,,,
BLPW,Al-Pac BAU with seismic reclamation,40,0.6027,6563755,3955975.139,NA,NA,,,
BLPW,Al-Pac BAU with seismic reclamation,50,0.6154,6563755,4039334.827,-9.246423831,29536.8975,,,
BLPW,Increased Fire,0,0.6781,6563755,4450882.266,NA,NA,,,
BLPW,Increased Fire,10,0.6719,6563755,4410186.985,NA,NA,,,
BLPW,Increased Fire,20,0.7041,6563755,4621539.896,NA,NA,,,
BLPW,Increased Fire,30,0.7648,6563755,5019959.824,NA,NA,,,
BLPW,Increased Fire,40,0.8029,6563755,5270038.89,NA,NA,,,
BLPW,Increased Fire,50,0.836,6563755,5487299.18,23.28565108,NA,,,
BLPW,No Energy,0,0.6781,6563755,4450882.266,NA,NA,,,
BLPW,No Energy,10,0.6369,6563755,4180455.56,NA,NA,,,
BLPW,No Energy,20,0.6054,6563755,3973697.277,NA,NA,,,
BLPW,No Energy,30,0.5821,6563755,3820761.786,NA,NA,,,
BLPW,No Energy,40,0.5702,6563755,3742653.101,NA,NA,,,
BLPW,No Energy,50,0.5699,6563755,3740683.975,-15.95634862,NA,,,
BLPW,No Fire,0,0.6781,6563755,4450882.266,NA,NA,,,
BLPW,No Fire,10,0.5817,6563755,3818136.284,NA,NA,,,
BLPW,No Fire,20,0.5001,6563755,3282533.876,NA,NA,,,
BLPW,No Fire,30,0.4272,6563755,2804036.136,NA,NA,,,
BLPW,No Fire,40,0.3653,6563755,2397739.702,NA,NA,,,
BLPW,No Fire,50,0.3161,6563755,2074802.956,-53.38445657,NA,,,
BOCH,Al-Pac BAU,0,0.0717,6563755,470621.2335,NA,NA,,,
BOCH,Al-Pac BAU,10,0.0709,6563755,465370.2295,NA,NA,,,
BOCH,Al-Pac BAU,20,0.0695,6563755,456180.9725,NA,NA,,,
BOCH,Al-Pac BAU,30,0.0678,6563755,445022.589,NA,NA,,,
BOCH,Al-Pac BAU,40,0.0662,6563755,434520.581,NA,NA,,,
BOCH,Al-Pac BAU,50,0.0645,6563755,423362.1975,-10.041841,NA,,,
BOCH,Al-Pac BAU with seismic reclamation,0,0.0717,6563755,470621.2335,NA,NA,,,
BOCH,Al-Pac BAU with seismic reclamation,10,0.0707,6563755,464057.4785,NA,NA,,,
BOCH,Al-Pac BAU with seismic reclamation,20,0.0691,6563755,453555.4705,NA,NA,,,
BOCH,Al-Pac BAU with seismic reclamation,30,0.0675,6563755,443053.4625,NA,NA,,,
BOCH,Al-Pac BAU with seismic reclamation,40,0.0658,6563755,431895.079,NA,NA,,,
BOCH,Al-Pac BAU with seismic reclamation,50,0.0646,6563755,424018.573,-9.90237099,656.3755,,,
BOCH,Increased Fire,0,0.0717,6563755,470621.2335,NA,NA,,,
BOCH,Increased Fire,10,0.0694,6563755,455524.597,NA,NA,,,
BOCH,Increased Fire,20,0.0673,6563755,441740.7115,NA,NA,,,
BOCH,Increased Fire,30,0.0649,6563755,425987.6995,NA,NA,,,
BOCH,Increased Fire,40,0.0632,6563755,414829.316,NA,NA,,,
BOCH,Increased Fire,50,0.0615,6563755,403670.9325,-14.22594142,NA,,,
BOCH,No Energy,0,0.0717,6563755,470621.2335,NA,NA,,,
BOCH,No Energy,10,0.0716,6563755,469964.858,NA,NA,,,
BOCH,No Energy,20,0.0711,6563755,466682.9805,NA,NA,,,
BOCH,No Energy,30,0.0701,6563755,460119.2255,NA,NA,,,
BOCH,No Energy,40,0.069,6563755,452899.095,NA,NA,,,
BOCH,No Energy,50,0.0679,6563755,445678.9645,-5.29986053,NA,,,
BOCH,No Fire,0,0.0717,6563755,470621.2335,NA,NA,,,
BOCH,No Fire,10,0.0722,6563755,473903.111,NA,NA,,,
BOCH,No Fire,20,0.0718,6563755,471277.609,NA,NA,,,
BOCH,No Fire,30,0.0708,6563755,464713.854,NA,NA,,,
BOCH,No Fire,40,0.0694,6563755,455524.597,NA,NA,,,
BOCH,No Fire,50,0.0676,6563755,443709.838,-5.718270572,NA,,,
WETA,Al-Pac BAU,0,0.0516,6563755,338689.758,NA,NA,,,
WETA,Al-Pac BAU,10,0.0537,6563755,352473.6435,NA,NA,,,
WETA,Al-Pac BAU,20,0.0554,6563755,363632.027,NA,NA,,,
WETA,Al-Pac BAU,30,0.0577,6563755,378728.6635,NA,NA,,,
WETA,Al-Pac BAU,40,0.0598,6563755,392512.549,NA,NA,,,
WETA,Al-Pac BAU,50,0.0618,6563755,405640.059,19.76744186,NA,,,
WETA,Al-Pac BAU with seismic reclamation,0,0.0516,6563755,338689.758,NA,NA,,,
WETA,Al-Pac BAU with seismic reclamation,10,0.0551,6563755,361662.9005,NA,NA,,,
WETA,Al-Pac BAU with seismic reclamation,20,0.0564,6563755,370195.782,NA,NA,,,
WETA,Al-Pac BAU with seismic reclamation,30,0.0587,6563755,385292.4185,NA,NA,,,
WETA,Al-Pac BAU with seismic reclamation,40,0.061,6563755,400389.055,NA,NA,,,
WETA,Al-Pac BAU with seismic reclamation,50,0.0649,6563755,425987.6995,25.7751938,20347.6405,,,
WETA,Increased Fire,0,0.0516,6563755,338689.758,NA,NA,,,
WETA,Increased Fire,10,0.0507,6563755,332782.3785,NA,NA,,,
WETA,Increased Fire,20,0.0495,6563755,324905.8725,NA,NA,,,
WETA,Increased Fire,30,0.0478,6563755,313747.489,NA,NA,,,
WETA,Increased Fire,40,0.048,6563755,315060.24,NA,NA,,,
WETA,Increased Fire,50,0.0487,6563755,319654.8685,-5.620155039,NA,,,
WETA,No Energy,0,0.0516,6563755,338689.758,NA,NA,,,
WETA,No Energy,10,0.0554,6563755,363632.027,NA,NA,,,
WETA,No Energy,20,0.0585,6563755,383979.6675,NA,NA,,,
WETA,No Energy,30,0.0631,6563755,414172.9405,NA,NA,,,
WETA,No Energy,40,0.0664,6563755,435833.332,NA,NA,,,
WETA,No Energy,50,0.0716,6563755,469964.858,38.75968992,NA,,,
WETA,No Fire,0,0.0516,6563755,338689.758,NA,NA,,,
WETA,No Fire,10,0.0582,6563755,382010.541,NA,NA,,,
WETA,No Fire,20,0.0643,6563755,422049.4465,NA,NA,,,
WETA,No Fire,30,0.0718,6563755,471277.609,NA,NA,,,
WETA,No Fire,40,0.0807,6563755,529695.0285,NA,NA,,,
WETA,No Fire,50,0.0906,6563755,594676.203,75.58139535,NA,,,
WWCR,Al-Pac BAU,0,0.0635,6563755,416798.4425,NA,NA,,,
WWCR,Al-Pac BAU,10,0.0632,6563755,414829.316,NA,NA,,,
WWCR,Al-Pac BAU,20,0.063,6563755,413516.565,NA,NA,,,
WWCR,Al-Pac BAU,30,0.0625,6563755,410234.6875,NA,NA,,,
WWCR,Al-Pac BAU,40,0.0613,6563755,402358.1815,NA,NA,,,
WWCR,Al-Pac BAU,50,0.0603,6563755,395794.4265,-5.039370079,NA,,,
WWCR,Al-Pac BAU with seismic reclamation,0,0.0635,6563755,416798.4425,NA,NA,,,
WWCR,Al-Pac BAU with seismic reclamation,10,0.0631,6563755,414172.9405,NA,NA,,,
WWCR,Al-Pac BAU with seismic reclamation,20,0.0629,6563755,412860.1895,NA,NA,,,
WWCR,Al-Pac BAU with seismic reclamation,30,0.0622,6563755,408265.561,NA,NA,,,
WWCR,Al-Pac BAU with seismic reclamation,40,0.0612,6563755,401701.806,NA,NA,,,
WWCR,Al-Pac BAU with seismic reclamation,50,0.0602,6563755,395138.051,-5.196850394,-656.3755,,,
WWCR,Increased Fire,0,0.0635,6563755,416798.4425,NA,NA,,,
WWCR,Increased Fire,10,0.0612,6563755,401701.806,NA,NA,,,
WWCR,Increased Fire,20,0.0598,6563755,392512.549,NA,NA,,,
WWCR,Increased Fire,30,0.058,6563755,380697.79,NA,NA,,,
WWCR,Increased Fire,40,0.0566,6563755,371508.533,NA,NA,,,
WWCR,Increased Fire,50,0.0559,6563755,366913.9045,-11.96850394,NA,,,
WWCR,No Energy,0,0.0635,6563755,416798.4425,NA,NA,,,
WWCR,No Energy,10,0.0623,6563755,408921.9365,NA,NA,,,
WWCR,No Energy,20,0.0605,6563755,397107.1775,NA,NA,,,
WWCR,No Energy,30,0.0584,6563755,383323.292,NA,NA,,,
WWCR,No Energy,40,0.0555,6563755,364288.4025,NA,NA,,,
WWCR,No Energy,50,0.0533,6563755,349848.1415,-16.06299213,NA,,,
WWCR,No Fire,0,0.0635,6563755,416798.4425,NA,NA,,,
WWCR,No Fire,10,0.0651,6563755,427300.4505,NA,NA,,,
WWCR,No Fire,20,0.0666,6563755,437146.083,NA,NA,,,
WWCR,No Fire,30,0.0661,6563755,433864.2055,NA,NA,,,
WWCR,No Fire,40,0.065,6563755,426644.075,NA,NA,,,
WWCR,No Fire,50,0.0635,6563755,416798.4425,0,NA,,,
RUBL,Al-Pac BAU,0,0.0012,6563755,7876.506,NA,NA,,,
RUBL,Al-Pac BAU,10,0.0009,6563755,5907.3795,NA,NA,,,
RUBL,Al-Pac BAU,20,0.0009,6563755,5907.3795,NA,NA,,,
RUBL,Al-Pac BAU,30,0.0008,6563755,5251.004,NA,NA,,,
RUBL,Al-Pac BAU,40,0.0008,6563755,5251.004,NA,NA,,,
RUBL,Al-Pac BAU,50,0.0007,6563755,4594.6285,-41.66666667,NA,,,
RUBL,Al-Pac BAU with seismic reclamation,0,0.0012,6563755,7876.506,NA,NA,,,
RUBL,Al-Pac BAU with seismic reclamation,10,0.001,6563755,6563.755,NA,NA,,,
RUBL,Al-Pac BAU with seismic reclamation,20,0.0009,6563755,5907.3795,NA,NA,,,
RUBL,Al-Pac BAU with seismic reclamation,30,0.0008,6563755,5251.004,NA,NA,,,
RUBL,Al-Pac BAU with seismic reclamation,40,0.0008,6563755,5251.004,NA,NA,,,
RUBL,Al-Pac BAU with seismic reclamation,50,0.0007,6563755,4594.6285,-41.66666667,0,,,
RUBL,Increased Fire,0,0.0012,6563755,7876.506,NA,NA,,,
RUBL,Increased Fire,10,0.001,6563755,6563.755,NA,NA,,,
RUBL,Increased Fire,20,0.001,6563755,6563.755,NA,NA,,,
RUBL,Increased Fire,30,0.001,6563755,6563.755,NA,NA,,,
RUBL,Increased Fire,40,0.0011,6563755,7220.1305,NA,NA,,,
RUBL,Increased Fire,50,0.0011,6563755,7220.1305,-8.333333333,NA,,,
RUBL,No Energy,0,0.0012,6563755,7876.506,NA,NA,,,
RUBL,No Energy,10,0.001,6563755,6563.755,NA,NA,,,
RUBL,No Energy,20,0.0009,6563755,5907.3795,NA,NA,,,
RUBL,No Energy,30,0.0009,6563755,5907.3795,NA,NA,,,
RUBL,No Energy,40,0.0009,6563755,5907.3795,NA,NA,,,
RUBL,No Energy,50,0.0008,6563755,5251.004,-33.33333333,NA,,,
RUBL,No Fire,0,0.0012,6563755,7876.506,NA,NaN,,1821.423115,
RUBL,No Fire,10,0.0009,6563755,5907.3795,NA,NaN,,1279.69034,
RUBL,No Fire,20,0.0008,6563755,5251.004,NA,NaN,,1041.558477,
RUBL,No Fire,30,0.0007,6563755,4594.6285,NA,NaN,,865.6437118,
RUBL,No Fire,40,0.0006,6563755,3938.253,NA,NaN,,751.651966,
RUBL,No Fire,50,0.0005,6563755,3281.8775,-58.33333333,NaN,,630.9795201,-65.35788335
WEWP,Al-Pac BAU,0,0.0112,6563755,73514.056,NA,,,,
WEWP,Al-Pac BAU,10,0.0113,6563755,74170.4315,NA,,,,
WEWP,Al-Pac BAU,20,0.0113,6563755,74170.4315,NA,,,,
WEWP,Al-Pac BAU,30,0.0114,6563755,74826.807,NA,,,,
WEWP,Al-Pac BAU,40,0.0116,6563755,76139.558,NA,,,,
WEWP,Al-Pac BAU,50,0.0118,6563755,77452.309,5.357142857,,,,
WEWP,Al-Pac BAU with seismic reclamation,0,0.0112,6563755,73514.056,NA,,,,
WEWP,Al-Pac BAU with seismic reclamation,10,0.0111,6563755,72857.6805,NA,,,,
WEWP,Al-Pac BAU with seismic reclamation,20,0.0113,6563755,74170.4315,NA,,,,
WEWP,Al-Pac BAU with seismic reclamation,30,0.0115,6563755,75483.1825,NA,,,,
WEWP,Al-Pac BAU with seismic reclamation,40,0.0115,6563755,75483.1825,NA,,,,
WEWP,Al-Pac BAU with seismic reclamation,50,0.0118,6563755,77452.309,5.357142857,,,,
WEWP, Increased Fire,0,0.0112,6563755,73514.056,NA,,,,
WEWP, Increased Fire,10,0.0115,6563755,75483.1825,NA,,,,
WEWP, Increased Fire,20,0.0117,6563755,76795.9335,NA,,,,
WEWP, Increased Fire,30,0.0119,6563755,78108.6845,NA,,,,
WEWP, Increased Fire,40,0.0112,6563755,73514.056,NA,,,,
WEWP, Increased Fire,50,0.01121,6563755,73579.69355,0.089285714,,,,
WEWP, No Energy,0,0.0112,6563755,73514.056,NA,,,,
WEWP, No Energy,10,0.0113,6563755,74170.4315,NA,,,,
WEWP, No Energy,20,0.0115,6563755,75483.1825,NA,,,,
WEWP, No Energy,30,0.0117,6563755,76795.9335,NA,,,,
WEWP, No Energy,40,0.012,6563755,78765.06,NA,,,,
WEWP, No Energy,50,0.0123,6563755,80734.1865,9.821428571,,,,
WEWP, No Fire,0,0.0112,6563755,73514.056,NA,,,,
WEWP, No Fire,10,0.0109,6563755,71544.9295,NA,,,,
WEWP, No Fire,20,0.0111,6563755,72857.6805,NA,,,,
WEWP, No Fire,30,0.0112,6563755,73514.056,NA,,,,
WEWP, No Fire,40,0.0114,6563755,74826.807,NA,,,,
WEWP, No Fire,50,0.0118,6563755,77452.309,5.357142857,,,,
